C,S,SF,LP,QP,FA,NS,A,W,Fi,SP,T,Age,CS
450,0,50,0,0,0,0,1992,90,0,18,20,28,131
630,0,70,0,0,0,0,1788,126,0,18,20,28,135
810,0,90,0,0,0,0,1539,162,0,18,20,28,137
810,0,90,0,0,0,0,1539,162,0,18,20,28,137
630,180,90,0,0,0,0,1539,126,0,18,20,28,150
630,180,90,0,0,0,0,1539,144,0,18,20,28,142
630,180,90,0,0,0,0,1539,144,0,18,20,28,142
450,180,90,180,0,0,0,1539,144,0,18,20,28,150
270,180,90,360,0,0,0,1539,144,0,18,20,28,130
450,0,50,0,0,0,0,1992,90,0,18,20,56,139
630,0,70,0,0,0,0,1788,126,0,18,20,56,146
810,0,90,0,0,0,0,1539,162,0,18,20,56,150
810,0,90,0,0,0,0,1539,162,0,18,20,56,150
630,180,90,0,0,0,0,1539,162,0,18,20,56,141
450,360,90,0,0,0,0,1539,162,0,18,20,56,133
630,180,90,0,0,0,0,1539,126,0,18,20,56,159
630,180,90,0,0,0,0,1539,144,0,18,20,56,160
630,180,90,0,0,0,0,1539,162,0,18,20,56,141
630,180,90,0,0,0,0,1539,144,0,18,20,56,160
450,180,90,180,0,0,0,1539,144,0,18,20,56,161
270,180,90,360,0,0,0,1539,144,0,18,20,56,139
450,0,50,0,0,0,0,1992,90,0,18,20,90,151
630,0,70,0,0,0,0,1788,126,0,18,20,90,160
810,0,90,0,0,0,0,1539,162,0,18,20,90,170
810,0,90,0,0,0,0,1539,162,0,18,20,90,170
630,180,90,0,0,0,0,1539,162,0,18,20,90,169
630,180,90,0,0,0,0,1539,126,0,18,20,90,168
630,180,90,0,0,0,0,1539,144,0,18,20,90,172
630,180,90,0,0,0,0,1539,162,0,18,20,90,169
630,180,90,0,0,0,0,1539,144,0,18,20,90,172
450,180,90,180,0,0,0,1539,144,0,18,20,90,176
270,180,90,360,0,0,0,1539,144,0,18,20,90,150
450,0,50,0,0,0,0,1992,90,0,18,20,180,159
630,0,70,0,0,0,0,1788,126,0,18,20,180,167
810,0,90,0,0,0,0,1539,162,0,18,20,180,174
810,0,90,0,0,0,0,1539,162,0,18,20,180,174
630,180,90,0,0,0,0,1539,162,0,18,20,180,170
630,180,90,0,0,0,0,1539,126,0,18,20,180,168
630,180,90,0,0,0,0,1539,144,0,18,20,180,175
630,180,90,0,0,0,0,1539,162,0,18,20,180,170
630,180,90,0,0,0,0,1539,144,0,18,20,180,175
450,180,90,180,0,0,0,1539,144,0,18,20,180,179
270,180,90,360,0,0,0,1539,144,0,18,20,180,160
450,0,50,0,0,0,0,1992,90,0,18,20,365,161
630,0,70,0,0,0,0,1788,126,0,18,20,365,169
810,0,90,0,0,0,0,1539,162,0,18,20,365,177
810,0,90,0,0,0,0,1539,162,0,18,20,365,177
630,180,90,0,0,0,0,1539,162,0,18,20,365,174
630,180,90,0,0,0,0,1539,126,0,18,20,365,168
630,180,90,0,0,0,0,1539,144,0,18,20,365,178
630,180,90,0,0,0,0,1539,162,0,18,20,365,174
630,180,90,0,0,0,0,1539,144,0,18,20,365,178
450,180,90,180,0,0,0,1539,144,0,18,20,365,183
270,180,90,360,0,0,0,1539,144,0,18,20,365,164
874.9,0,43.7,0,0,0,0,1273.4,202.1,0,45.9,21,7,85.91
612.4,0,43.7,262.5,0,0,0,1273.4,202.1,0,45.9,21,7,78.52
699.9,0,43.7,0,175,0,0,1273.4,202.1,0,45.9,21,7,85.91
874.9,0,43.7,0,0,0,0,1273.4,202.1,39,45.9,21,7,106.71
612.4,0,43.7,262.5,0,0,0,1273.4,202.1,39,45.9,21,7,89.93
699.9,0,43.7,0,175,0,0,1273.4,202.1,39,45.9,21,7,99.33
874.9,0,43.7,0,0,0,0,1273.4,202.1,78,45.9,21,7,108.73
612.4,0,43.7,262.5,0,0,0,1273.4,202.1,78,45.9,21,7,92.62
699.9,0,43.7,0,175,0,0,1273.4,202.1,78,45.9,21,7,102.01
874.9,0,43.7,0,0,0,0,1273.4,202.1,117,45.9,21,7,110.74
612.4,0,43.7,262.5,0,0,0,1273.4,202.1,117,45.9,21,7,100
699.9,0,43.7,0,175,0,0,1273.4,202.1,117,45.9,21,7,108.73
874.9,0,43.7,0,0,0,0,1273.4,202.1,156,45.9,21,7,120.81
612.4,0,43.7,262.5,0,0,0,1273.4,202.1,156,45.9,21,7,105.37
699.9,0,43.7,0,175,0,0,1273.4,202.1,156,45.9,21,7,114.77
612.4,0,43.7,262.5,0,0,0,1273.4,202.1,195,45.9,21,7,114.09
699.9,0,43.7,0,175,0,0,1273.4,202.1,195,45.9,21,7,122.82
874.9,0,43.7,0,0,0,0,1273.4,202.1,0,45.9,21,28,100.67
612.4,0,43.7,262.5,0,0,0,1273.4,202.1,0,45.9,21,28,88.59
874.9,0,43.7,0,0,0,0,1273.4,202.1,39,45.9,21,28,115.44
612.4,0,43.7,262.5,0,0,0,1273.4,202.1,39,45.9,21,28,100.67
699.9,0,43.7,0,175,0,0,1273.4,202.1,39,45.9,21,28,106.71
874.9,0,43.7,0,0,0,0,1273.4,202.1,78,45.9,21,28,124.83
612.4,0,43.7,262.5,0,0,0,1273.4,202.1,78,45.9,21,28,114.09
699.9,0,43.7,0,175,0,0,1273.4,202.1,78,45.9,21,28,120.81
874.9,0,43.7,0,0,0,0,1273.4,202.1,117,45.9,21,28,132.22
612.4,0,43.7,262.5,0,0,0,1273.4,202.1,117,45.9,21,28,126.17
699.9,0,43.7,0,175,0,0,1273.4,202.1,117,45.9,21,28,130.2
874.9,0,43.7,0,0,0,0,1273.4,202.1,156,45.9,21,28,146.31
612.4,0,43.7,262.5,0,0,0,1273.4,202.1,156,45.9,21,28,134.23
699.9,0,43.7,0,175,0,0,1273.4,202.1,156,45.9,21,28,139.6
874.9,0,43.7,0,0,0,0,1273.4,202.1,195,45.9,21,28,155.71
612.4,0,43.7,262.5,0,0,0,1273.4,202.1,195,45.9,21,28,141.61
699.9,0,43.7,0,175,0,0,1273.4,202.1,195,45.9,21,28,148.32
729,0,124,0,397,0,0,833,170,156,30,23,28,166.1
401,0,124,0,397,328,0,833,170,156,30,23,28,124.7
401,328,124,0,397,0,0,833,170,156,30,23,28,139.4
439.5,0,0,263.7,175.9,0,0,1273.4,175.8,0,43.9,21,3,49.61
435.1,0,0,263.7,175.9,0,4.4,1273.4,175.8,0,43.9,21,3,50.87
430.7,0,0,263.7,175.9,0,8.8,1273.4,175.8,0,43.9,21,3,54.96
426.3,0,0,263.7,175.9,0,13.2,1273.4,175.8,0,43.9,21,3,56.85
421.9,0,0,263.7,175.9,0,17.6,1273.4,175.8,0,43.9,21,3,57.17
417.5,0,0,263.7,175.9,0,22,1273.4,175.8,0,43.9,21,3,55.91
435.1,0,0,263.7,175.9,0,4.4,1273.4,175.8,195,43.9,21,3,70.35
430.7,0,0,263.7,175.9,0,8.8,1273.4,175.8,195,43.9,21,3,72.84
426.3,0,0,263.7,175.9,0,13.2,1273.4,175.8,195,43.9,21,3,78.44
421.9,0,0,263.7,175.9,0,17.6,1273.4,175.8,195,43.9,21,3,79.69
417.5,0,0,263.7,175.9,0,22,1273.4,175.8,195,43.9,21,3,77.82
430.7,0,0,263.7,175.9,0,8.8,1273.4,175.8,0,43.9,21,7,65.98
426.3,0,0,263.7,175.9,0,13.2,1273.4,175.8,0,43.9,21,7,68.82
421.9,0,0,263.7,175.9,0,17.6,1273.4,175.8,0,43.9,21,7,69.13
417.5,0,0,263.7,175.9,0,22,1273.4,175.8,0,43.9,21,7,65.35
439.5,0,0,263.7,175.9,0,0,1273.4,175.8,195,43.9,21,7,90.89
435.1,0,0,263.7,175.9,0,4.4,1273.4,175.8,195,43.9,21,7,94.63
430.7,0,0,263.7,175.9,0,8.8,1273.4,175.8,195,43.9,21,7,96.5
426.3,0,0,263.7,175.9,0,13.2,1273.4,175.8,195,43.9,21,7,100.86
421.9,0,0,263.7,175.9,0,17.6,1273.4,175.8,195,43.9,21,7,103.35
417.5,0,0,263.7,175.9,0,22,1273.4,175.8,195,43.9,21,7,98.99
435.1,0,0,263.7,175.9,0,4.4,1273.4,175.8,0,43.9,21,28,77.01
430.7,0,0,263.7,175.9,0,8.8,1273.4,175.8,0,43.9,21,28,81.1
426.3,0,0,263.7,175.9,0,13.2,1273.4,175.8,0,43.9,21,28,88.66
421.9,0,0,263.7,175.9,0,17.6,1273.4,175.8,0,43.9,21,28,91.18
417.5,0,0,263.7,175.9,0,22,1273.4,175.8,0,43.9,21,28,86.46
439.5,0,0,263.7,175.9,0,0,1273.4,175.8,195,43.9,21,28,113.93
435.1,0,0,263.7,175.9,0,4.4,1273.4,175.8,195,43.9,21,28,120.16
430.7,0,0,263.7,175.9,0,8.8,1273.4,175.8,195,43.9,21,28,126.38
594.2,0,0,265.3,0,0,24.8,1282.3,176.9,0,44.2,21,28,98.89
594.2,0,0,265.3,0,0,24.8,1282.3,176.9,156,44.2,21,28,139.44
594.2,0,0,265.3,0,0,24.8,1282.3,176.9,156,44.2,21,28,141.67
594.2,0,0,265.3,0,0,24.8,1282.3,176.9,156,44.2,21,28,129.44
594.2,0,0,265.3,0,0,24.8,1282.3,176.9,156,44.2,21,28,124.44
594.2,0,0,265.3,0,0,24.8,1282.3,176.9,156,44.2,21,28,120.56
594.2,0,0,265.3,0,0,24.8,1282.3,176.9,156,44.2,21,28,129.01
594.2,0,0,265.3,0,0,24.8,1282.3,176.9,156,44.2,21,28,132.96
594.2,0,0,265.3,0,0,24.8,1282.3,176.9,156,44.2,21,28,129.58
594.2,0,0,265.3,0,0,24.8,1282.3,176.9,156,44.2,21,28,136.34
594.2,0,0,265.3,0,0,24.8,1282.3,176.9,0,44.2,21,7,86.11
594.2,0,0,265.3,0,0,24.8,1282.3,176.9,156,44.2,21,7,113.89
594.2,0,0,265.3,0,0,24.8,1282.3,176.9,156,44.2,21,7,117.22
594.2,0,0,265.3,0,0,24.8,1282.3,176.9,156,44.2,21,7,114.44
594.2,0,0,265.3,0,0,24.8,1282.3,176.9,156,44.2,21,7,112.22
594.2,0,0,265.3,0,0,24.8,1282.3,176.9,156,44.2,21,7,111.11
753,0,188,0,0,183,0,1129,180.72,0,27,20,28,166
745,0,186,0,0,181,0,1118,171.35,0,27,20,28,162
778,0,194,0,0,189,0,1167,178.94,0,28,20,28,181
758,0,190,0,0,184,0,1138,166.76,0,27,20,28,155
745,0,186,0,0,181,0,1118,171.35,0,27,20,28,159
890,0,0,0,0,0,0,1231,178,0,30.2,21,1,59
890,0,0,0,0,0,0,1231,178,0,30.2,21,1,70.7
845.5,0,44.5,0,0,0,0,1231,178,0,30.2,21,1,73.2
801,0,89,0,0,0,0,1231,178,0,30.2,21,1,75.7
756.5,0,133.5,0,0,0,0,1231,178,0,30.2,21,1,70.5
712,0,178,0,0,0,0,1231,178,0,30.2,21,1,62.1
845.5,0,44.5,0,0,0,0,1231,178,0,30.2,21,1,77.8
712,0,0,0,0,178,0,1231,178,0,30.2,21,1,53.7
667.5,0,44.5,0,0,178,0,1231,178,0,30.2,21,1,52.8
1009,0,0,0,0,0,0,1231,201.8,0,34.2,21,1,72.8
1009,0,0,0,0,0,0,1231,201.8,0,34.2,21,1,73.2
958.55,0,50.45,0,0,0,0,1231,201.8,0,34.2,21,1,80.1
756.75,0,50.45,0,0,201.8,0,1231,201.8,0,34.2,21,1,53.1
890,0,0,0,0,0,0,1231,178,0,30.2,21,7,95.7
890,0,0,0,0,0,0,1231,178,0,30.2,21,7,97.4
845.5,0,44.5,0,0,0,0,1231,178,0,30.2,21,7,105.7
801,0,89,0,0,0,0,1231,178,0,30.2,21,7,102.6
756.5,0,133.5,0,0,0,0,1231,178,0,30.2,21,7,96.8
712,0,178,0,0,0,0,1231,178,0,30.2,21,7,95.9
845.5,0,44.5,0,0,0,0,1231,178,0,30.2,21,7,106.1
712,0,0,0,0,178,0,1231,178,0,30.2,21,7,99.2
623,0,0,0,0,267,0,1231,178,0,30.2,21,7,101.2
534,0,0,0,0,356,0,1231,178,0,30.2,21,7,75.8
667.5,0,44.5,0,0,178,0,1231,178,0,30.2,21,7,92.8
1009,0,0,0,0,0,0,1231,201.8,0,34.2,21,7,102.8
1009,0,0,0,0,0,0,1231,201.8,0,34.2,21,7,102.3
958.55,0,50.45,0,0,0,0,1231,201.8,0,34.2,21,7,102.8
756.75,0,50.45,0,0,201.8,0,1231,201.8,0,34.2,21,7,101.5
890,0,0,0,0,0,0,1231,178,0,30.2,21,28,106.3
890,0,0,0,0,0,0,1231,178,0,30.2,21,28,113.2
845.5,0,44.5,0,0,0,0,1231,178,0,30.2,21,28,117.2
801,0,89,0,0,0,0,1231,178,0,30.2,21,28,118.6
756.5,0,133.5,0,0,0,0,1231,178,0,30.2,21,28,118
712,0,178,0,0,0,0,1231,178,0,30.2,21,28,111
845.5,0,44.5,0,0,0,0,1231,178,0,30.2,21,28,116.6
712,0,0,0,0,178,0,1231,178,0,30.2,21,28,109.9
623,0,0,0,0,267,0,1231,178,0,30.2,21,28,114.8
534,0,0,0,0,356,0,1231,178,0,30.2,21,28,102.6
667.5,0,44.5,0,0,178,0,1231,178,0,30.2,21,28,112.8
1009,0,0,0,0,0,0,1231,201.8,0,34.2,21,28,113.8
1009,0,0,0,0,0,0,1231,201.8,0,34.2,21,28,115.2
958.55,0,50.45,0,0,0,0,1231,201.8,0,34.2,21,28,115.4
756.75,0,50.45,0,0,201.8,0,1231,201.8,0,34.2,21,28,114.5
1151.11,0,211.89,0,0,0,0,1231,272.6,0,46.2,90,28,159.7
1151.11,0,211.89,0,0,0,0,1231,272.6,0,46.2,90,28,165.8
1151.11,0,211.89,0,0,0,0,1231,272.6,0,46.2,90,28,163.9
1151.11,0,211.89,0,0,0,0,1231,272.6,234,46.2,90,28,170.6
1151.11,0,211.89,0,0,0,0,1231,272.6,234,46.2,90,28,179
1151.11,0,211.89,0,0,0,0,1231,272.6,234,46.2,90,28,177
890,0,0,0,0,0,0,1231,178,0,30.2,21,56,108.8
890,0,0,0,0,0,0,1231,178,0,30.2,21,56,113.8
845.5,0,44.5,0,0,0,0,1231,178,0,30.2,21,56,120.1
801,0,89,0,0,0,0,1231,178,0,30.2,21,56,127.4
756.5,0,133.5,0,0,0,0,1231,178,0,30.2,21,56,120.1
712,0,178,0,0,0,0,1231,178,0,30.2,21,56,117.2
845.5,0,44.5,0,0,0,0,1231,178,0,30.2,21,56,124.1
712,0,0,0,0,178,0,1231,178,0,30.2,21,56,110.3
623,0,0,0,0,267,0,1231,178,0,30.2,21,56,117.2
534,0,0,0,0,356,0,1231,178,0,30.2,21,56,110.9
667.5,0,44.5,0,0,178,0,1231,178,0,30.2,21,56,113.8
1009,0,0,0,0,0,0,1231,201.8,0,34.2,21,56,126.2
1009,0,0,0,0,0,0,1231,201.8,0,34.2,21,56,129.3
958.55,0,50.45,0,0,0,0,1231,201.8,0,34.2,21,56,129
756.75,0,50.45,0,0,201.8,0,1231,201.8,0,34.2,21,56,131.7
890,0,0,0,0,0,0,1231,178,0,30.2,21,90,114.1
890,0,0,0,0,0,0,1231,178,0,30.2,21,90,118.1
845.5,0,44.5,0,0,0,0,1231,178,0,30.2,21,90,125.4
801,0,89,0,0,0,0,1231,178,0,30.2,21,90,127.6
756.5,0,133.5,0,0,0,0,1231,178,0,30.2,21,90,120.9
712,0,178,0,0,0,0,1231,178,0,30.2,21,90,118.6
845.5,0,44.5,0,0,0,0,1231,178,0,30.2,21,90,126.2
712,0,0,0,0,178,0,1231,178,0,30.2,21,90,117.5
623,0,0,0,0,267,0,1231,178,0,30.2,21,90,119.3
534,0,0,0,0,356,0,1231,178,0,30.2,21,90,119.1
667.5,0,44.5,0,0,178,0,1231,178,0,30.2,21,90,119.7
1009,0,0,0,0,0,0,1231,201.8,0,34.2,21,90,139.3
1009,0,0,0,0,0,0,1231,201.8,0,34.2,21,90,149.7
958.55,0,50.45,0,0,0,0,1231,201.8,0,34.2,21,90,155.2
756.75,0,50.45,0,0,201.8,0,1231,201.8,0,34.2,21,90,152.1
472,315,262,0,0,0,0,1049,178,0,21,20,7,94.3
472,315,262,0,0,0,0,1049,178,156,21,20,7,114.9
472,315,262,0,0,0,0,1049,178,156,21,20,7,120.9
472,315,262,0,0,0,0,1049,178,156,21,20,7,108.3
472,315,262,0,0,0,0,1049,178,0,21,20,28,97.8
472,315,262,0,0,0,0,1049,178,156,21,20,28,134.4
472,315,262,0,0,0,0,1049,178,156,21,20,28,143.5
472,315,262,0,0,0,0,1049,178,156,21,20,28,127.4
472,315,262,0,0,0,0,1049,178,156,21,20,28,122.9
472,315,262,0,0,0,0,1049,178,156,21,20,28,120.4
850,0,137.5,0,0,112.5,0,1100,176,234,8,23,28,162.1
850,0,137.5,0,0,112.5,0,1100,176,234,8,23,28,162.8
700,0,50,0,0,150,0,1104,180,0,30,20,1,57.9
700,0,50,0,0,150,0,1104,180,39,30,20,1,64.5
700,0,50,0,0,150,0,1104,180,78,30,20,1,73.8
700,0,50,0,0,150,0,1104,180,117,30,20,1,83.2
700,0,50,0,0,150,0,1104,180,156,30,20,1,88.8
700,0,50,0,0,150,0,1104,180,195,30,20,1,89.7
700,0,50,0,0,150,0,1104,180,0,30,20,7,94.4
700,0,50,0,0,150,0,1104,180,39,30,20,7,96.3
700,0,50,0,0,150,0,1104,180,78,30,20,7,102.8
700,0,50,0,0,150,0,1104,180,117,30,20,7,115.9
700,0,50,0,0,150,0,1104,180,156,30,20,7,120.6
700,0,50,0,0,150,0,1104,180,195,30,20,7,125.2
700,0,50,0,0,150,0,1104,180,0,30,20,28,105.6
700,0,50,0,0,150,0,1104,180,78,30,20,28,138.3
700,0,50,0,0,150,0,1104,180,117,30,20,28,149.5
700,0,50,0,0,150,0,1104,180,156,30,20,28,153.3
700,0,50,0,0,150,0,1104,180,195,30,20,28,156.1
741,0,185,64.75,194.25,0,0,815,185,156,9,30,1,76
741,0,185,129.5,129.5,0,0,815,185,156,9,30,1,78
741,0,185,194.25,64.75,0,0,815,185,156,9,30,1,82
741,0,185,259,0,0,0,815,185,0,9,30,1,82
741,0,185,0,259,0,0,815,185,156,9,30,3,117
741,0,185,64.75,194.25,0,0,815,185,156,9,30,3,118
741,0,185,129.5,129.5,0,0,815,185,156,9,30,3,111
741,0,185,194.25,64.75,0,0,815,185,156,9,30,3,116
741,0,185,259,0,0,0,815,185,0,9,30,3,115
741,0,185,0,259,0,0,815,185,156,9,30,7,144
741,0,185,64.75,194.25,0,0,815,185,156,9,30,7,142
741,0,185,194.25,64.75,0,0,815,185,156,9,30,7,138
741,0,185,64.75,194.25,0,0,815,185,156,9,30,28,159
741,0,185,129.5,129.5,0,0,815,185,156,9,30,28,160
741,0,185,194.25,64.75,0,0,815,185,156,9,30,28,158
741,0,185,259,0,0,0,815,185,0,9,30,28,155
741,0,185,0,259,0,0,815,185,156,9,30,90,165
741,0,185,64.75,194.25,0,0,815,185,156,9,30,90,171
741,0,185,129.5,129.5,0,0,815,185,156,9,30,90,167
741,0,185,194.25,64.75,0,0,815,185,156,9,30,90,168
890,0,222,0,0,0,0,799,222,117,29.7,23,28,130.3
933,0,233,0,0,0,0,1026,168,0,37.6,23,28,101.4
933,0,233,0,0,0,0,1026,168,0,37.6,23,28,116.2
850,0,260,0,212,0,0,850,170,156,45,23,28,170.4
850,0,260,0,212,0,0,850,170,156,45,23,28,184
950,0,234,0,95,0,0,1030,215,234,12.7,23,28,158.1
950,0,234,0,95,0,0,1030,215,234,12.7,23,28,168.6
850,0,260,0,212,0,0,850,170,156,45,23,28,180.8
850,0,260,0,212,0,0,850,170,156,45,23,28,192.2
850,0,260,0,212,0,0,850,170,156,45,23,28,206.6
850,0,260,0,212,0,0,850,170,156,45,23,28,185.2
850,0,260,0,212,0,0,850,170,156,45,23,28,198.5
850,0,260,0,212,0,0,850,170,156,45,23,28,188.2
850,0,260,0,212,0,0,850,170,156,45,23,28,202.2
850,0,260,0,212,0,0,850,170,156,45,23,28,193.5
850,0,260,0,212,0,0,850,170,156,45,23,28,203.9
850,0,260,0,212,0,0,850,170,156,45,23,28,197.9
850,0,260,0,212,0,0,850,170,156,45,23,28,201.2
850,0,260,0,212,0,0,850,170,156,45,23,28,206.2
850,0,260,0,212,0,0,850,170,156,45,23,28,205.6
850,0,260,0,212,0,0,850,170,156,45,23,28,199.9
850,0,260,0,212,0,0,850,170,156,45,23,28,195.2
850,0,260,0,212,0,0,850,170,156,45,23,28,190.2
850,0,260,0,212,0,0,850,170,156,45,23,28,208.2
850,0,260,0,212,0,0,850,170,156,45,23,28,181
850,0,260,0,212,0,0,850,170,156,45,23,28,192.2
850,0,260,0,212,0,0,850,170,156,45,23,28,206.78
850,0,260,0,212,0,0,850,170,156,45,23,28,182.4
850,0,260,0,212,0,0,850,170,156,45,23,28,194.9
850,0,260,0,212,0,0,850,170,156,45,23,28,207.8
850,0,260,0,212,0,0,850,170,156,45,23,28,186.1
850,0,260,0,212,0,0,850,170,156,45,23,28,196.9
850,0,260,0,212,0,0,850,170,156,45,23,28,186.8
850,0,260,0,212,0,0,850,170,156,45,23,28,197.6
850,0,260,0,212,0,0,850,170,156,45,23,28,187.5
850,0,260,0,212,0,0,850,170,156,45,23,28,200
850,0,260,0,212,0,0,850,170,156,45,23,28,173.2
850,0,260,0,212,0,0,850,170,156,45,23,28,184.4
850,0,260,0,212,0,0,850,170,156,45,23,28,196.9
850,0,260,0,212,0,0,850,170,156,45,23,28,181
850,0,260,0,212,0,0,850,170,156,45,23,28,191.2
850,0,260,0,212,0,0,850,170,156,45,23,28,176.6
850,0,260,0,212,0,0,850,170,156,45,23,28,182.4
850,0,260,0,212,0,0,850,170,156,45,23,28,172.9
850,0,260,0,212,0,0,850,170,156,45,23,28,181.7
850,0,260,0,212,0,0,850,170,156,45,23,28,171.2
850,0,260,0,212,0,0,850,170,156,45,23,28,180.3
850,0,260,0,212,0,0,850,170,156,45,23,28,174.6
788.5,0,197.1,0,0,0,0,1104,160.3,156,50,23,28,187.1
788.5,0,197.1,0,0,0,0,1104,160.3,156,50,23,28,192.3
788.5,0,197.1,0,0,0,0,1104,160.3,156,50,23,28,204.4
833,0,208,0,0,0,0,1125,208,0,25,23,28,147
825,0,206,0,0,0,0,1114,206,78,25,23,28,145.5
817,0,204,0,0,0,0,1102,204,156,25,23,28,147.5
808,0,202,0,0,0,0,1091,202,234,24,23,28,165.7
800,0,200,0,200,0,0,880,200,0,9.6,20,7,101.5
800,0,100,0,200,0,0,980,200,0,9.6,20,7,111.4
800,0,200,0,100,0,0,980,200,0,9.6,20,7,108.6
800,0,200,0,0,0,0,1080,200,0,14.4,20,7,111
800,0,200,0,200,0,0,880,200,0,9.6,20,28,141.3
800,0,100,0,200,0,0,980,200,0,9.6,20,28,147.3
800,0,200,0,100,0,0,980,200,0,9.6,20,28,146.5
800,0,200,0,0,0,0,1080,200,0,14.4,20,28,159.2
800,0,200,0,200,0,0,880,200,0,9.6,20,90,163.3
800,0,100,0,200,0,0,980,200,0,9.6,20,90,166.4
800,0,200,0,100,0,0,980,200,0,9.6,20,90,175.9
800,0,100,0,200,0,0,980,200,0,9.6,20,90,141.1
950,0,255,0,0,0,0,873,189,0,31,23,7,104.2
941.5,0,255,0,0,0,9.5,873,189,0,31,23,7,109.8
932,0,255,0,0,0,19,873,189,0,31,23,7,112.6
921.5,0,255,0,0,0,28.5,873,189,0,31,23,7,119.4
912,0,255,0,0,0,38,873,189,0,31,23,7,114.3
950,0,255,0,0,0,0,873,189,0,31,23,28,132.5
941.5,0,255,0,0,0,9.5,873,189,0,31,23,28,135.8
932,0,255,0,0,0,19,873,189,0,31,23,28,137
921.5,0,255,0,0,0,28.5,873,189,0,31,23,28,143.2
912,0,255,0,0,0,38,873,189,0,31,23,28,139.2
950,0,255,0,0,0,0,873,189,0,31,23,90,138.7
941.5,0,255,0,0,0,9.5,873,189,0,31,23,90,139.8
932,0,255,0,0,0,19,873,189,0,31,23,90,141.5
921.5,0,255,0,0,0,28.5,873,189,0,31,23,90,147.7
912,0,255,0,0,0,38,873,189,0,31,23,90,140.4
800,0,0,0,0,0,0,1471.3,160,0,21.6,23,1,92.2
796,0,0,0,0,0,4,1461.1,160,0,25.2,23,1,82.8
792,0,0,0,0,0,8,1450.8,160,0,28.8,23,1,78.9
784,0,0,0,0,0,16,1430.2,160,0,36,23,1,77.9
776,0,0,0,0,0,24,1409.7,160,0,43.2,23,1,75.6
720,0,80,0,0,0,0,1422.9,160,0,29.6,23,1,81.8
716,0,80,0,0,0,4,1411.6,160,0,33.6,23,1,77.8
712,0,80,0,0,0,8,1400.3,160,0,37.6,23,1,69.4
704,0,80,0,0,0,16,1379.8,160,0,44.8,23,1,61.5
696,0,80,0,0,0,24,1359.2,160,0,52,23,1,56.7
800,0,0,0,0,0,0,1471.3,160,0,21.6,23,3,103.9
796,0,0,0,0,0,4,1461.1,160,0,25.2,23,3,100.2
792,0,0,0,0,0,8,1450.8,160,0,28.8,23,3,99.3
784,0,0,0,0,0,16,1430.2,160,0,36,23,3,95.4
776,0,0,0,0,0,24,1409.7,160,0,43.2,23,3,94.5
720,0,80,0,0,0,0,1422.9,160,0,29.6,23,3,91.2
716,0,80,0,0,0,4,1411.6,160,0,33.6,23,3,87.9
712,0,80,0,0,0,8,1400.3,160,0,37.6,23,3,86.3
704,0,80,0,0,0,16,1379.8,160,0,44.8,23,3,85.3
696,0,80,0,0,0,24,1359.2,160,0,52,23,3,84.3
800,0,0,0,0,0,0,1471.3,160,0,21.6,23,7,108
796,0,0,0,0,0,4,1461.1,160,0,25.2,23,7,108.7
792,0,0,0,0,0,8,1450.8,160,0,28.8,23,7,109
784,0,0,0,0,0,16,1430.2,160,0,36,23,7,109.2
776,0,0,0,0,0,24,1409.7,160,0,43.2,23,7,106.9
720,0,80,0,0,0,0,1422.9,160,0,29.6,23,7,104.3
716,0,80,0,0,0,4,1411.6,160,0,33.6,23,7,105.1
712,0,80,0,0,0,8,1400.3,160,0,37.6,23,7,106.2
704,0,80,0,0,0,16,1379.8,160,0,44.8,23,7,107.1
696,0,80,0,0,0,24,1359.2,160,0,52,23,7,102.2
800,0,0,0,0,0,0,1471.3,160,0,21.6,23,14,112.4
796,0,0,0,0,0,4,1461.1,160,0,25.2,23,14,113.1
792,0,0,0,0,0,8,1450.8,160,0,28.8,23,14,114.3
784,0,0,0,0,0,16,1430.2,160,0,36,23,14,115.6
776,0,0,0,0,0,24,1409.7,160,0,43.2,23,14,111.5
720,0,80,0,0,0,0,1422.9,160,0,29.6,23,14,116.2
716,0,80,0,0,0,4,1411.6,160,0,33.6,23,14,118.5
712,0,80,0,0,0,8,1400.3,160,0,37.6,23,14,123
704,0,80,0,0,0,16,1379.8,160,0,44.8,23,14,126
696,0,80,0,0,0,24,1359.2,160,0,52,23,14,119.2
800,0,0,0,0,0,0,1471.3,160,0,21.6,23,28,115.4
796,0,0,0,0,0,4,1461.1,160,0,25.2,23,28,116.8
792,0,0,0,0,0,8,1450.8,160,0,28.8,23,28,120.9
784,0,0,0,0,0,16,1430.2,160,0,36,23,28,123.4
776,0,0,0,0,0,24,1409.7,160,0,43.2,23,28,119.1
720,0,80,0,0,0,0,1422.9,160,0,29.6,23,28,120.7
716,0,80,0,0,0,4,1411.6,160,0,33.6,23,28,125
712,0,80,0,0,0,8,1400.3,160,0,37.6,23,28,130.1
704,0,80,0,0,0,16,1379.8,160,0,44.8,23,28,131.8
696,0,80,0,0,0,24,1359.2,160,0,52,23,28,127.3
800,0,0,0,0,0,0,1471.3,160,0,21.6,23,56,119.3
796,0,0,0,0,0,4,1461.1,160,0,25.2,23,56,120.9
792,0,0,0,0,0,8,1450.8,160,0,28.8,23,56,123.4
784,0,0,0,0,0,16,1430.2,160,0,36,23,56,126
776,0,0,0,0,0,24,1409.7,160,0,43.2,23,56,122.3
720,0,80,0,0,0,0,1422.9,160,0,29.6,23,56,124.2
716,0,80,0,0,0,4,1411.6,160,0,33.6,23,56,128.8
712,0,80,0,0,0,8,1400.3,160,0,37.6,23,56,134.8
704,0,80,0,0,0,16,1379.8,160,0,44.8,23,56,137.4
696,0,80,0,0,0,24,1359.2,160,0,52,23,56,131.8
800,0,0,0,0,0,0,1471.3,160,0,21.6,23,90,124.1
796,0,0,0,0,0,4,1461.1,160,0,25.2,23,90,125.7
792,0,0,0,0,0,8,1450.8,160,0,28.8,23,90,130.6
784,0,0,0,0,0,16,1430.2,160,0,36,23,90,133.3
776,0,0,0,0,0,24,1409.7,160,0,43.2,23,90,129.9
720,0,80,0,0,0,0,1422.9,160,0,29.6,23,90,130.3
716,0,80,0,0,0,4,1411.6,160,0,33.6,23,90,132.8
712,0,80,0,0,0,8,1400.3,160,0,37.6,23,90,137.9
704,0,80,0,0,0,16,1379.8,160,0,44.8,23,90,141.6
696,0,80,0,0,0,24,1359.2,160,0,52,23,90,138.3
550,0,0,0,0,0,0,1695,192.5,0,1.1,21,3,32.5
545.875,0,0,0,0,0,4.125,1685,192.5,0,4.4,21,3,35.3
541.75,0,0,0,0,0,8.25,1678,192.5,0,6.6,21,3,39.5
545.875,0,0,0,0,0,4.125,1685,192.5,0,4.4,21,3,37.1
541.75,0,0,0,0,0,8.25,1678,192.5,0,6.6,21,3,39.1
550,0,0,0,0,0,0,1762,165,0,3.85,21,3,45
545.875,0,0,0,0,0,4.125,1754,165,0,6.6,21,3,46.4
541.75,0,0,0,0,0,8.25,1748,165,0,8.25,21,3,51.6
545.875,0,0,0,0,0,4.125,1754,165,0,6.6,21,3,45.4
541.75,0,0,0,0,0,8.25,1748,165,0,8.25,21,3,42.2
550,0,0,0,0,0,0,1830,137.5,0,6.6,21,3,58.9
545.875,0,0,0,0,0,4.125,1820,137.5,0,9.9,21,3,59.8
541.75,0,0,0,0,0,8.25,1812,137.5,0,12.65,21,3,63.3
545.875,0,0,0,0,0,4.125,1820,137.5,0,9.9,21,3,56.1
541.75,0,0,0,0,0,8.25,1812,137.5,0,12.65,21,3,53.1
550,0,0,0,0,0,0,1695,192.5,0,1.1,21,7,40.9
545.875,0,0,0,0,0,4.125,1685,192.5,0,4.4,21,7,44.9
541.75,0,0,0,0,0,8.25,1678,192.5,0,6.6,21,7,51.3
545.875,0,0,0,0,0,4.125,1685,192.5,0,4.4,21,7,45.7
541.75,0,0,0,0,0,8.25,1678,192.5,0,6.6,21,7,49.3
550,0,0,0,0,0,0,1762,165,0,3.85,21,7,57.2
545.875,0,0,0,0,0,4.125,1754,165,0,6.6,21,7,59.7
541.75,0,0,0,0,0,8.25,1748,165,0,8.25,21,7,60.1
545.875,0,0,0,0,0,4.125,1754,165,0,6.6,21,7,52.5
541.75,0,0,0,0,0,8.25,1748,165,0,8.25,21,7,50.1
550,0,0,0,0,0,0,1830,137.5,0,6.6,21,7,71.6
545.875,0,0,0,0,0,4.125,1820,137.5,0,9.9,21,7,76
541.75,0,0,0,0,0,8.25,1812,137.5,0,12.65,21,7,75
545.875,0,0,0,0,0,4.125,1820,137.5,0,9.9,21,7,69
541.75,0,0,0,0,0,8.25,1812,137.5,0,12.65,21,7,67.8
545.875,0,0,0,0,0,4.125,1685,192.5,0,4.4,21,28,53.4
541.75,0,0,0,0,0,8.25,1678,192.5,0,6.6,21,28,61.8
545.875,0,0,0,0,0,4.125,1685,192.5,0,4.4,21,28,54.5
541.75,0,0,0,0,0,8.25,1678,192.5,0,6.6,21,28,61
550,0,0,0,0,0,0,1762,165,0,3.85,21,28,67.2
545.875,0,0,0,0,0,4.125,1754,165,0,6.6,21,28,64.4
541.75,0,0,0,0,0,8.25,1748,165,0,8.25,21,28,72.6
545.875,0,0,0,0,0,4.125,1754,165,0,6.6,21,28,64.2
541.75,0,0,0,0,0,8.25,1748,165,0,8.25,21,28,62.9
550,0,0,0,0,0,0,1830,137.5,0,6.6,21,28,85.5
545.875,0,0,0,0,0,4.125,1820,137.5,0,9.9,21,28,86.7
541.75,0,0,0,0,0,8.25,1812,137.5,0,12.65,21,28,85
545.875,0,0,0,0,0,4.125,1820,137.5,0,9.9,21,28,83.6
541.75,0,0,0,0,0,8.25,1812,137.5,0,12.65,21,28,84.7
545.875,0,0,0,0,0,4.125,1685,192.5,0,4.4,21,90,62
541.75,0,0,0,0,0,8.25,1678,192.5,0,6.6,21,90,65.9
545.875,0,0,0,0,0,4.125,1685,192.5,0,4.4,21,90,58.4
541.75,0,0,0,0,0,8.25,1678,192.5,0,6.6,21,90,65.3
550,0,0,0,0,0,0,1762,165,0,3.85,21,90,74.3
545.875,0,0,0,0,0,4.125,1754,165,0,6.6,21,90,75.1
541.75,0,0,0,0,0,8.25,1748,165,0,8.25,21,90,76.9
545.875,0,0,0,0,0,4.125,1754,165,0,6.6,21,90,71.9
541.75,0,0,0,0,0,8.25,1748,165,0,8.25,21,90,70.8
550,0,0,0,0,0,0,1830,137.5,0,6.6,21,90,93.8
545.875,0,0,0,0,0,4.125,1820,137.5,0,9.9,21,90,95
541.75,0,0,0,0,0,8.25,1812,137.5,0,12.65,21,90,91.2
545.875,0,0,0,0,0,4.125,1820,137.5,0,9.9,21,90,90
541.75,0,0,0,0,0,8.25,1812,137.5,0,12.65,21,90,92.6
950,0,200,0,350,0,0,570,230,234,53,20,28,140.7
931,0,200,0,350,0,19,570,230,234,53,20,28,150.6
902.5,0,200,0,350,0,47.5,570,230,234,53,20,28,148.4
950,0,200,0,350,0,0,690,230,234,53,20,28,144.7
931,0,200,0,350,0,19,690,230,234,53,20,28,155.4
902.5,0,200,0,350,0,47.5,690,230,234,53,20,28,142.4
950,0,200,0,350,0,0,810,230,234,53,20,28,144.5
902.5,0,200,0,350,0,47.5,810,230,234,53,20,28,137.2
863,0,216,0,0,0,0,923,177,0,32.37,20,7,88.9
647,216,216,0,0,0,0,923,177,0,32.37,20,7,86.7
432,216,216,0,0,216,0,923,177,0,32.4,20,7,79.2
829,0,216,0,0,0,34.5,923,177,0,32.39,20,7,91.1
852,0,216,0,0,0,10.8,923,177,0,32.36,20,7,101.9
863,0,216,0,0,0,0,923,177,156,32.37,20,7,103.7
647,216,216,0,0,0,0,923,177,156,32.37,20,7,118.1
647,0,216,0,0,216,0,923,177,156,32.37,20,7,118.7
432,216,216,0,0,216,0,923,177,156,32.4,20,7,117.6
829,0,216,0,0,0,34.5,923,177,156,32.39,20,7,118.7
852,0,216,0,0,0,10.8,923,177,156,32.36,20,7,122.6
863,0,216,0,0,0,0,923,177,0,32.37,20,28,104.1
647,216,216,0,0,0,0,923,177,0,32.37,20,28,109
647,0,216,0,0,216,0,923,177,0,32.37,20,28,109
432,216,216,0,0,216,0,923,177,0,32.4,20,28,103
829,0,216,0,0,0,34.5,923,177,0,32.39,20,28,113.9
852,0,216,0,0,0,10.8,923,177,0,32.36,20,28,113.3
863,0,216,0,0,0,0,923,177,156,32.37,20,28,142.1
647,216,216,0,0,0,0,923,177,156,32.37,20,28,157.2
647,0,216,0,0,216,0,923,177,156,32.37,20,28,156
432,216,216,0,0,216,0,923,177,156,32.4,20,28,154.4
829,0,216,0,0,0,34.5,923,177,156,32.39,20,28,156
852,0,216,0,0,0,10.8,923,177,156,32.36,20,28,154.4
900,0,220,0,0,0,0,1005,163,156,40,23,7,124.1
900,0,165,0,0,55,0,1021,163,156,40,23,7,115.5
900,0,110,0,0,110,0,1036,163,156,40,23,7,113.5
810,0,220,0,0,90,0,1002,163,156,40,23,7,116
720,0,220,0,0,180,0,998,163,156,40,23,7,116.5
630,0,220,0,0,270,0,994,163,156,40,23,7,110
900,0,220,0,0,0,0,1005,163,156,40,23,14,132.9
900,0,165,0,0,55,0,1021,163,156,40,23,14,123
900,0,110,0,0,110,0,1036,163,156,40,23,14,122
810,0,220,0,0,90,0,1002,163,156,40,23,14,125.3
720,0,220,0,0,180,0,998,163,156,40,23,14,125.1
630,0,220,0,0,270,0,994,163,156,40,23,14,124.5
900,0,220,0,0,0,0,1005,163,156,40,23,28,143
900,0,165,0,0,55,0,1021,163,156,40,23,28,138.8
900,0,110,0,0,110,0,1036,163,156,40,23,28,138.2
810,0,220,0,0,90,0,1002,163,156,40,23,28,140.4
720,0,220,0,0,180,0,998,163,156,40,23,28,132.2
630,0,220,0,0,270,0,994,163,156,40,23,28,130.6
900,0,220,0,0,0,0,1005,163,156,40,23,56,161.6
900,0,165,0,0,55,0,1021,163,156,40,23,56,154.8
900,0,110,0,0,110,0,1036,163,156,40,23,56,152.4
810,0,220,0,0,90,0,1002,163,156,40,23,56,157.2
720,0,220,0,0,180,0,998,163,156,40,23,56,153.7
630,0,220,0,0,270,0,994,163,156,40,23,56,151
666.4,35.1,210.5,0,259.6,0,0,820.8,164.2,156,17.5,90,28,144.7
631.4,70.1,210.5,0,259.6,0,0,820.8,164.2,156,17.5,90,28,159.1
596.3,105.2,210.5,0,259.6,0,0,820.8,164.2,156,17.5,90,28,147.4
561.2,140.3,210.5,0,259.6,0,0,820.8,164.2,156,17.5,90,28,139.6
526.1,175.4,210.5,0,259.6,0,0,820.8,164.2,156,17.5,90,28,130.6
701.5,0,210.5,0,259.6,0,0,820.8,164.2,156,17.5,200,28,161.9
666.4,35.1,210.5,0,259.6,0,0,820.8,164.2,156,17.5,200,28,170.1
631.4,70.1,210.5,0,259.6,0,0,820.8,164.2,156,17.5,200,28,175.9
561.2,140.3,210.5,0,259.6,0,0,820.8,164.2,156,17.5,200,28,179.1
620.2,0,114.2,0,0,164.9,0,1277.5,161.9,156,36,20,1,91.1
558.1,62,114.2,0,0,164.9,0,1276.6,161.9,156,36,20,1,77.9
620.2,0,114.2,0,0,164.9,0,1277.5,161.9,156,36,20,3,113.8
558.1,62,114.2,0,0,164.9,0,1276.6,161.9,156,36,20,3,102.7
620.2,0,114.2,0,0,164.9,0,1277.5,161.9,156,36,20,7,134.2
558.1,62,114.2,0,0,164.9,0,1276.6,161.9,156,36,20,7,130.5
496.1,124,114.2,0,0,164.9,0,1275.9,161.9,156,36,20,7,129.8
434.1,186,114.2,0,0,164.9,0,1275,161.9,156,36,20,7,121.7
558.1,62,114.2,0,0,164.9,0,1276.6,161.9,156,36,20,14,160.5
496.1,124,114.2,0,0,164.9,0,1275.9,161.9,156,36,20,14,162
434.1,186,114.2,0,0,164.9,0,1275,161.9,156,36,20,14,153.9
558.1,62,114.2,0,0,164.9,0,1276.6,161.9,156,36,20,28,170.7
496.1,124,114.2,0,0,164.9,0,1275.9,161.9,156,36,20,28,175.8
434.1,186,114.2,0,0,164.9,0,1275,161.9,156,36,20,28,168.4
863.2,0,215.8,0,0,0,0,1079,177,0,21.6,20,1,36.1
857.8,0,215.8,0,0,0,5.4,1079,177,0,21.6,20,1,42.2
852.4,0,215.8,0,0,0,10.8,1079,177,0,21.6,20,1,47.7
847,0,215.8,0,0,0,16.2,1079,177,0,21.6,20,1,53.1
841.6,0,215.8,0,0,0,21.6,1079,177,0,21.6,20,1,53.1
863.2,0,215.8,0,0,0,0,1079,177,0,21.6,20,3,75.6
857.8,0,215.8,0,0,0,5.4,1079,177,0,21.6,20,3,81.7
852.4,0,215.8,0,0,0,10.8,1079,177,0,21.6,20,3,85.1
847,0,215.8,0,0,0,16.2,1079,177,0,21.6,20,3,87.8
841.6,0,215.8,0,0,0,21.6,1079,177,0,21.6,20,3,81.7
863.2,0,215.8,0,0,0,0,1079,177,0,21.6,20,7,83.7
857.8,0,215.8,0,0,0,5.4,1079,177,0,21.6,20,7,92.6
852.4,0,215.8,0,0,0,10.8,1079,177,0,21.6,20,7,102.1
847,0,215.8,0,0,0,16.2,1079,177,0,21.6,20,7,105.5
841.6,0,215.8,0,0,0,21.6,1079,177,0,21.6,20,7,102.8
863.2,0,215.8,0,0,0,0,1079,177,0,21.6,20,28,103.5
857.8,0,215.8,0,0,0,5.4,1079,177,0,21.6,20,28,108.3
852.4,0,215.8,0,0,0,10.8,1079,177,0,21.6,20,28,113.7
847,0,215.8,0,0,0,16.2,1079,177,0,21.6,20,28,112.3
841.6,0,215.8,0,0,0,21.6,1079,177,0,21.6,20,28,110.3
863.2,0,215.8,0,0,0,0,1079,177,0,21.6,20,90,119.8
857.8,0,215.8,0,0,0,5.4,1079,177,0,21.6,20,90,128
852.4,0,215.8,0,0,0,10.8,1079,177,0,21.6,20,90,130.7
847,0,215.8,0,0,0,16.2,1079,177,0,21.6,20,90,123.2
841.6,0,215.8,0,0,0,21.6,1079,177,0,21.6,20,90,117.8
750,0,144,0,0,200,0,990,182,0,38,20,3,82.3
675,75,144,0,0,200,0,990,182,0,38,20,3,68.9
600,150,144,0,0,200,0,990,182,0,36,20,3,64.5
525,225,144,0,0,200,0,990,182,0,36,20,3,60.7
450,300,144,0,0,200,0,990,182,0,34,20,3,53
375,375,144,0,0,200,0,990,182,0,30,20,3,48.1
750,0,144,0,0,200,0,990,182,0,38,20,7,100.1
675,75,144,0,0,200,0,990,182,0,38,20,7,90
600,150,144,0,0,200,0,990,182,0,36,20,7,84.3
525,225,144,0,0,200,0,990,182,0,36,20,7,82.3
450,300,144,0,0,200,0,990,182,0,34,20,7,78
375,375,144,0,0,200,0,990,182,0,30,20,7,70.3
750,0,144,0,0,200,0,990,182,0,38,20,28,121.8
675,75,144,0,0,200,0,990,182,0,38,20,28,125.2
600,150,144,0,0,200,0,990,182,0,36,20,28,127.6
525,225,144,0,0,200,0,990,182,0,36,20,28,127.1
450,300,144,0,0,200,0,990,182,0,34,20,28,122.3
375,375,144,0,0,200,0,990,182,0,30,20,28,116
960,0,240,0,0,0,0,793.7,234,0,45,23,7,107.6
960,0,240,0,0,0,0,787.1,234,19.5,45,23,7,119.3
960,0,240,0,0,0,0,780.5,234,39,45,23,7,121.8
960,0,240,0,0,0,0,773.8,234,58.5,45,23,7,124.2
960,0,240,0,0,0,0,767.2,234,78,45,23,7,126.9
960,0,240,0,0,0,0,754,234,117,45,23,7,129.2
960,0,240,0,0,0,0,740.7,234,156,45,23,7,136.6
960,0,240,0,0,0,0,786.4,234,19.5,45,23,7,118.1
960,0,240,0,0,0,0,779.2,234,39,45,23,7,120.2
960,0,240,0,0,0,0,771.9,234,58.5,45,23,7,122.6
960,0,240,0,0,0,0,764.7,234,78,45,23,7,127.4
960,0,240,0,0,0,0,720.7,234,117,57,23,7,130
960,0,240,0,0,0,0,706.2,234,156,57,23,7,132.4
960,0,240,0,0,0,0,793.7,234,0,45,23,28,136.6
960,0,240,0,0,0,0,787.1,234,19.5,45,23,28,148.7
960,0,240,0,0,0,0,780.5,234,39,45,23,28,150.1
960,0,240,0,0,0,0,773.8,234,58.5,45,23,28,152.5
960,0,240,0,0,0,0,767.2,234,78,45,23,28,154.8
960,0,240,0,0,0,0,754,234,117,45,23,28,160.6
960,0,240,0,0,0,0,740.7,234,156,45,23,28,162.8
960,0,240,0,0,0,0,786.4,234,19.5,45,23,28,144.5
960,0,240,0,0,0,0,779.2,234,39,45,23,28,148.6
960,0,240,0,0,0,0,771.9,234,58.5,45,23,28,151.8
960,0,240,0,0,0,0,764.7,234,78,45,23,28,154.8
960,0,240,0,0,0,0,720.7,234,117,57,23,28,156.2
960,0,240,0,0,0,0,706.2,234,156,57,23,28,160.1
960,0,240,0,0,0,0,793.7,234,0,45,23,56,150.1
960,0,240,0,0,0,0,787.1,234,19.5,45,23,56,163.1
960,0,240,0,0,0,0,780.5,234,39,45,23,56,166.2
960,0,240,0,0,0,0,773.8,234,58.5,45,23,56,167.6
960,0,240,0,0,0,0,767.2,234,78,45,23,56,170.7
960,0,240,0,0,0,0,754,234,117,45,23,56,172.7
960,0,240,0,0,0,0,740.7,234,156,45,23,56,173.2
960,0,240,0,0,0,0,786.4,234,19.5,45,23,56,160.9
960,0,240,0,0,0,0,779.2,234,39,45,23,56,163.3
960,0,240,0,0,0,0,771.9,234,58.5,45,23,56,164.7
960,0,240,0,0,0,0,764.7,234,78,45,23,56,164.9
960,0,240,0,0,0,0,720.7,234,117,57,23,56,165.5
960,0,240,0,0,0,0,706.2,234,156,57,23,56,166.7
960,0,240,0,0,0,0,793.7,234,0,45,23,90,156.1
960,0,240,0,0,0,0,787.1,234,19.5,45,23,90,167.8
960,0,240,0,0,0,0,780.5,234,39,45,23,90,169.4
960,0,240,0,0,0,0,773.8,234,58.5,45,23,90,170.5
960,0,240,0,0,0,0,767.2,234,78,45,23,90,173.6
960,0,240,0,0,0,0,754,234,117,45,23,90,176.8
960,0,240,0,0,0,0,740.7,234,156,45,23,90,180.3
960,0,240,0,0,0,0,786.4,234,19.5,45,23,90,165.1
960,0,240,0,0,0,0,779.2,234,39,45,23,90,167.7
960,0,240,0,0,0,0,771.9,234,58.5,45,23,90,167.9
960,0,240,0,0,0,0,764.7,234,78,45,23,90,169.1
960,0,240,0,0,0,0,720.7,234,117,57,23,90,170.9
960,0,240,0,0,0,0,706.2,234,156,57,23,90,172.5
960,0,240,0,0,0,0,793.7,234,0,45,23,180,161.3
960,0,240,0,0,0,0,787.1,234,19.5,45,23,180,169.8
960,0,240,0,0,0,0,780.5,234,39,45,23,180,170.9
960,0,240,0,0,0,0,773.8,234,58.5,45,23,180,172.3
960,0,240,0,0,0,0,767.2,234,78,45,23,180,175.2
960,0,240,0,0,0,0,754,234,117,45,23,180,178.1
960,0,240,0,0,0,0,740.7,234,156,45,23,180,182.4
960,0,240,0,0,0,0,786.4,234,19.5,45,23,180,167.9
960,0,240,0,0,0,0,779.2,234,39,45,23,180,169.1
960,0,240,0,0,0,0,771.9,234,58.5,45,23,180,170.3
960,0,240,0,0,0,0,764.7,234,78,45,23,180,172.5
960,0,240,0,0,0,0,720.7,234,117,57,23,180,174.2
960,0,240,0,0,0,0,706.2,234,156,57,23,180,177.2
472,315,262,0,0,0,0,1049,178,0,21,23,7,94.5
472,315,262,0,0,0,0,1049,178,156,21,23,7,115
472,315,262,0,0,0,0,1049,178,156,21,23,7,120.9
472,315,262,0,0,0,0,1049,178,156,21,23,7,108.8
472,315,262,0,0,0,0,1049,178,0,21,23,28,98.3
472,315,262,0,0,0,0,1049,178,156,21,23,28,134.3
472,315,262,0,0,0,0,1049,178,156,21,23,28,143.5
472,315,262,0,0,0,0,1049,178,156,21,23,28,127.6
472,315,262,0,0,0,0,1049,178,156,21,23,28,123.4
472,315,262,0,0,0,0,1049,178,156,21,23,28,120.5
680,0,120,0,0,0,0,1462,160,0,9.59,23,7,63.7
640,0,160,0,0,0,0,1446.4,160,0,9.6,23,7,57.4
600,0,200,0,0,0,0,1434,160,0,9.6,23,7,60.5
680,0,120,0,0,0,0,1502.8,144,0,9.59,23,7,68.49
680,0,120,0,0,0,0,1421.2,176,0,9.59,23,7,55.32
680,0,120,0,0,0,0,1462,160,0,11.22,23,7,63.22
680,0,120,0,0,0,0,1468.8,160,0,8.02,23,7,58.83
765,0,135,0,0,0,0,1315.8,180,0,10.79,23,7,66.8
720,0,180,0,0,0,0,1303.2,180,0,10.8,23,7,69.2
675,0,225,0,0,0,0,1289.25,180,0,10.8,23,7,64.5
720,0,180,0,0,0,0,1353.6,162,0,10.8,23,7,72
720,0,180,0,0,0,0,1260,198,0,10.8,23,7,64.1
720,0,180,0,0,0,0,1296,180,0,12.6,23,7,70.24
720,0,180,0,0,0,0,1310.4,180,0,9,23,7,67.61
850,0,150,0,0,0,0,1173,200,0,11.99,23,7,72.3
800,0,200,0,0,0,0,1160,200,0,12,23,7,73.1
750,0,250,0,0,0,0,1140,200,0,12,23,7,67.6
850,0,150,0,0,0,0,1224,180,0,11.99,23,7,74.63
850,0,150,0,0,0,0,1122,220,0,11.99,23,7,67.61
850,0,150,0,0,0,0,1173,200,0,14.03,23,7,72.88
850,0,150,0,0,0,0,1181.5,200,0,10.03,23,7,69.37
680,0,120,0,0,0,0,1462,160,0,9.59,23,28,118.7
640,0,160,0,0,0,0,1446.4,160,0,9.6,23,28,113.2
680,0,120,0,0,0,0,1502.8,144,0,9.59,23,28,122.93
680,0,120,0,0,0,0,1421.2,176,0,9.59,23,28,108.88
680,0,120,0,0,0,0,1462,160,0,11.22,23,28,122.05
680,0,120,0,0,0,0,1468.8,160,0,8.02,23,28,111.51
765,0,135,0,0,0,0,1315.8,180,0,10.79,23,28,122.6
720,0,180,0,0,0,0,1303.2,180,0,10.8,23,28,124.2
675,0,225,0,0,0,0,1289.25,180,0,10.8,23,28,123.4
720,0,180,0,0,0,0,1353.6,162,0,10.8,23,28,128.2
720,0,180,0,0,0,0,1260,198,0,10.8,23,28,122.05
720,0,180,0,0,0,0,1296,180,0,12.6,23,28,127.32
720,0,180,0,0,0,0,1310.4,180,0,9,23,28,125.56
850,0,150,0,0,0,0,1173,200,0,11.99,23,28,128.1
800,0,200,0,0,0,0,1160,200,0,12,23,28,126.6
750,0,250,0,0,0,0,1140,200,0,12,23,28,125
850,0,150,0,0,0,0,1224,180,0,11.99,23,28,132.59
850,0,150,0,0,0,0,1122,220,0,11.99,23,28,122.93
850,0,150,0,0,0,0,1173,200,0,14.03,23,28,129.95
850,0,150,0,0,0,0,1181.5,200,0,10.03,23,28,127.32
729,0,182,0,0,0,0,1150,182,156,27,20,28,148
365,365,183,0,0,0,0,1150,183,156,17,20,28,151
480,0,171,0,0,206,0,1150,171,156,33,20,28,157
480,0,171,0,0,206,0,1150,171,156,33,210,28,172
863,0,216,0,0,0,0,1079,177,0,21.6,23,1,35.68
858,0,216,0,0,0,5.4,1079,177,0,21.6,23,1,42.39
852,0,216,0,0,0,10.8,1079,177,0,21.6,23,1,48.2
847,0,216,0,0,0,16.2,1079,177,0,21.6,23,1,53.38
842,0,216,0,0,0,21.6,1079,177,0,21.6,23,1,53.08
863,0,216,0,0,0,0,1079,177,0,21.6,23,3,75.05
858,0,216,0,0,0,5.4,1079,177,0,21.6,23,3,82.07
852,0,216,0,0,0,10.8,1079,177,0,21.6,23,3,85.12
847,0,216,0,0,0,16.2,1079,177,0,21.6,23,3,87.88
842,0,216,0,0,0,21.6,1079,177,0,21.6,23,3,82.09
863,0,216,0,0,0,0,1079,177,0,21.6,23,7,92.48
858,0,216,0,0,0,5.4,1079,177,0,21.6,23,7,92.79
852,0,216,0,0,0,10.8,1079,177,0,21.6,23,7,101.64
847,0,216,0,0,0,16.2,1079,177,0,21.6,23,7,106.22
842,0,216,0,0,0,21.6,1079,177,0,21.6,23,7,103.18
863,0,216,0,0,0,0,1079,177,0,21.6,23,28,103.81
858,0,216,0,0,0,5.4,1079,177,0,21.6,23,28,108.09
852,0,216,0,0,0,10.8,1079,177,0,21.6,23,28,113.58
847,0,216,0,0,0,16.2,1079,177,0,21.6,23,28,112.68
842,0,216,0,0,0,21.6,1079,177,0,21.6,23,28,110.25
863,0,216,0,0,0,0,1079,177,0,21.6,23,28,119.41
858,0,216,0,0,0,5.4,1079,177,0,21.6,23,28,128.26
852,0,216,0,0,0,10.8,1079,177,0,21.6,23,28,129.79
847,0,216,0,0,0,16.2,1079,177,0,21.6,23,28,124
842,0,216,0,0,0,21.6,1079,177,0,21.6,23,28,117.62
1251.2,0,291.3,0,0,0,0,407.8,201.4,0,28.2,23,1,82.81
825.8,0,192.3,486.2,0,0,0,444.4,201.4,0,10.5,23,1,70.14
575.6,0,134,772.2,0,0,0,455.7,201.4,0,5.1,23,1,33.49
325.3,0,75.7,1058.2,0,0,0,455.4,201.4,0,5.2,23,1,28.51
1251.2,0,291.3,0,0,0,0,407.8,201.4,0,28.2,23,3,112.692
825.8,0,192.3,486.2,0,0,0,444.4,201.4,0,10.5,23,3,116.31
325.3,0,75.7,1058.2,0,0,0,455.4,201.4,0,5.2,23,3,54.32
1251.2,0,291.3,0,0,0,0,407.8,201.4,0,28.2,23,7,124.94
325.3,0,75.7,1058.2,0,0,0,455.4,201.4,0,5.2,23,7,75.62
1251.2,0,291.3,0,0,0,0,407.8,201.4,0,28.2,23,14,140.83
825.8,0,192.3,486.2,0,0,0,444.4,201.4,0,10.5,23,14,148.52
575.6,0,134,772.2,0,0,0,455.7,201.4,0,5.1,23,14,142.64
325.3,0,75.7,1058.2,0,0,0,455.4,201.4,0,5.2,23,14,97.84
1251.2,0,291.3,0,0,0,0,407.8,201.4,0,28.2,23,28,147.27
825.8,0,192.3,486.2,0,0,0,444.4,201.4,0,10.5,23,28,167.18
575.6,0,134,772.2,0,0,0,455.7,201.4,0,5.1,23,28,155.87
325.3,0,75.7,1058.2,0,0,0,455.4,201.4,0,5.2,23,28,113.34
1251.2,0,291.3,0,0,0,0,407.8,201.4,0,28.2,23,56,156.53
575.6,0,134,772.2,0,0,0,455.7,201.4,0,5.1,23,56,171
325.3,0,75.7,1058.2,0,0,0,455.4,201.4,0,5.2,23,56,123.05
788.5,0,433.7,0,0,0,0,867.4,160.3,0,52.6,23,28,195.2
788.5,0,433.7,0,0,0,0,867.4,160.3,156,52.6,23,28,220.2
788.5,0,433.7,0,0,0,0,867.4,160.3,156,52.6,23,28,209.6
788.5,0,433.7,0,0,0,0,867.4,160.3,156,52.6,23,28,201.4
788.5,0,433.7,0,0,0,0,867.4,160.3,156,52.6,23,28,218.4
788.5,0,433.7,0,0,0,0,867.4,160.3,156,52.6,23,28,218.5
788.5,0,433.7,0,0,0,0,867.4,160.3,156,52.6,23,28,205.1
788.5,0,433.7,0,0,0,0,867.4,160.3,39,52.6,23,28,209.4
788.5,0,433.7,0,0,0,0,867.4,160.3,78,52.6,23,28,199.6
788.5,0,433.7,0,0,0,0,867.4,160.3,117,52.6,23,28,209.7
788.5,0,433.7,0,0,0,0,867.4,160.3,39,52.6,23,28,198.6
788.5,0,433.7,0,0,0,0,867.4,160.3,78,52.6,23,28,208.4
788.5,0,433.7,0,0,0,0,867.4,160.3,117,52.6,23,28,220.5
788.5,0,433.7,0,0,0,0,867.4,160.3,39,52.6,23,28,211.2
788.5,0,433.7,0,0,0,0,867.4,160.3,78,52.6,23,28,186.7
788.5,0,433.7,0,0,0,0,867.4,160.3,117,52.6,23,28,218.1
946,0,71,47,0,166,0,860,166,0,35.76,23,3,120.77
784,0,157,235,0,0,0,823,171,0,39.66,23,3,102.73
937,0,70,47,0,164,0,851,164,78,36.82,23,3,108.74
777,0,155,233,0,0,0,816,169,78,40.64,23,3,101.09
946,0,71,47,0,166,0,860,166,0,35.76,23,14,131.69
784,0,157,235,0,0,0,823,171,0,39.66,23,14,118.03
937,0,70,47,0,164,0,851,164,78,36.82,23,14,123.5
777,0,155,233,0,0,0,816,169,78,40.64,23,14,110.93
946,0,71,47,0,166,0,860,166,0,35.76,23,28,144.81
784,0,157,235,0,0,0,823,171,0,39.66,23,28,127.87
937,0,70,47,0,164,0,851,164,78,36.82,23,28,150.82
777,0,155,233,0,0,0,816,169,78,40.64,23,28,134.43
946,0,71,47,0,166,0,860,166,0,35.76,23,90,160.66
784,0,157,235,0,0,0,823,171,0,39.66,23,90,150.82
937,0,70,47,0,164,0,851,164,78,36.82,23,90,166.67
777,0,155,233,0,0,0,816,169,78,40.64,23,90,151.91
792,0,264,0,0,0,0,1056,173,156,21.1,20,3,102.86
784,0,261,0,0,0,0,1045,171,234,20.9,20,3,106
809,0,270,0,0,0,0,1079,177,0,21.6,20,7,92.77
800,0,267,0,0,0,0,1067,175,78,21.3,20,7,110.42
792,0,264,0,0,0,0,1056,173,156,21.1,20,7,123.66
784,0,261,0,0,0,0,1045,171,234,20.9,20,7,128.07
809,0,270,0,0,0,0,1079,177,0,21.6,20,28,106
800,0,267,0,0,0,0,1067,175,78,21.3,20,28,129.96
792,0,264,0,0,0,0,1056,173,156,21.1,20,28,150.13
784,0,261,0,0,0,0,1045,171,234,20.9,20,28,158.32
800,0,267,0,0,0,0,1067,175,78,21.3,20,90,148.87
792,0,264,0,0,0,0,1056,173,156,21.1,20,90,161.47
784,0,261,0,0,0,0,1045,171,234,20.9,20,90,166.51